region,n_units,n_sessions,n_subjects
NA,867,13,10
LSr,521,7,7
CP,516,7,5
ORBl5,360,5,5
PO,345,5,5
ACB,317,8,7
MB,310,8,7
OLF,277,9,8
RSPv5,243,6,5
MD,240,4,4
PIR,212,3,3
ZI,201,7,7
AIv5,171,2,2
PAG,159,5,4
ACAd5,153,6,6
AId5,153,2,2
CA1,146,7,6
EPd,135,1,1
PL5,128,3,3
ORBl2/3,118,4,4
MOp6a,113,4,4
ORBvl2/3,111,2,2
VPM,107,1,1
NPC,106,6,6
LP,102,5,5
MRN,100,2,2
ORBl6a,100,3,3
PoT,95,2,2
MOs6a,91,4,4
OT,91,2,2
AON,89,2,2
RSPv6a,89,3,2
DG-mo,87,6,6
PL2/3,85,1,1
SI,79,4,3
MOp5,79,3,3
ACAv2/3,77,4,4
ACAv5,77,3,3
AId6a,70,2,2
SUB,67,3,3
LSv,64,5,5
TH,62,6,6
FF,59,4,4
STR,59,9,7
HY,59,7,7
ORBvl5,57,2,2
CA3,57,6,6
VPLpc,52,2,2
RSPv2/3,51,5,4
ORBm5,50,1,1
SCig,50,2,2
PL1,49,1,1
VPMpc,49,2,2
RT,46,1,1
ILA1,46,1,1
ACAv1,43,4,4
VAL,40,2,2
SF,40,1,1
SSp-m6a,40,1,1
MOs5,39,5,5
ACAd2/3,39,4,4
DP,37,3,3
AIv2/3,36,2,2
BST,35,3,3
SSp-ll6a,35,1,1
RSPv1,35,5,4
NLOT2,32,1,1
DG-sg,29,7,6
LGv,28,3,3
COApm,26,2,2
ILA5,26,1,1
SCiw,25,2,1
RSPd6a,25,2,2
PSTN,25,2,2
LHA,25,2,2
PCN,23,1,1
AAA,23,1,1
FRP6a,22,1,1
ORBl1,22,1,1
MOp2/3,21,3,3
RSPagl5,20,1,1
CM,20,2,2
OP,20,2,2
STN,19,1,1
ORBm6a,18,1,1
LH,18,3,3
SSp-m5,17,1,1
Eth,16,1,1
SSp-m4,16,1,1
PA,15,1,1
IGL,15,2,2
SCsg,15,2,1
TTd,14,3,3
LGd-sh,13,1,1
CEAm,13,1,1
IG,13,1,1
PRC,13,2,2
LGd-ip,12,1,1
RSPv6b,12,3,2
LGd-co,12,3,3
NOT,11,2,2
ILA2/3,11,1,1
RPF,11,1,1
RSPd5,11,3,3
PL6a,11,1,1
SCdg,10,1,1
DG-po,10,4,4
FS,10,1,1
MOp6b,10,3,3
ACAd1,9,1,1
SCzo,9,3,2
HPF,9,3,3
CLI,9,1,1
SSp-ul6a,8,1,1
SCop,8,2,1
SPA,8,2,2
LSc,8,1,1
SCdw,8,1,1
SPFp,8,1,1
RSPagl2/3,8,1,1
PPT,7,1,1
ND,7,1,1
RSPagl6a,7,1,1
SSp-m2/3,7,1,1
SNc,6,1,1
CA2,5,2,2
ACAv6a,4,1,1
IF,4,1,1
SSp-m1,4,1,1
ACAd6b,3,1,1
SSp-ll6b,3,1,1
SNr,3,1,1
RSPd2/3,3,1,1
MGm,3,1,1
PS,3,1,1
RSPagl6b,2,1,1
NLOT1,2,1,1
NLOT3,2,1,1
PF,2,1,1
BLAv,1,1,1
BMAp,1,1,1
BLAa,1,1,1
MEPO,1,1,1
MGv,1,1,1
MGd,1,1,1
IMD,1,1,1
COApl,1,1,1
PVT,1,1,1
SSp-ul6b,1,1,1
SSs6b,1,1,1
