location,name,description
electrodes,(table),metadata about extracellular electrodes
electrodes,location,the location of channel within the subject e.g. brain region
electrodes,group,a reference to the ElectrodeGroup this electrode is a part of
electrodes,group_name,the name of the ElectrodeGroup this electrode is a part of
electrodes,x,the x coordinate of the position (+x is posterior)
electrodes,y,the y coordinate of the position (+y is inferior)
electrodes,z,the z coordinate of the position (+z is right)
electrodes,imp,"the impedance of the electrode, in ohms"
electrodes,filtering,"description of hardware filtering, including the filter name and frequency cutoffs"
units,(table),Autogenerated by NWBFile
units,snr,Signal-to-noise ratio
units,n_spikes,Number of spikes in the entire recording
units,quality,Quality label from Bombcell pipeline
units,channel,Closest electrode channel id
units,brain_region,Assigned AIBS CCFv3 brain region acronym
units,x,x location in AIBS CCFv3 brain atlas
units,y,y location in AIBS CCFv3 brain atlas
units,z,z location in AIBS CCFv3 brain atlas
units,spike_times,the spike times for each unit
intervals/Stimulus presentations,(table),experimental intervals
intervals/Stimulus presentations,start_time,"Start time of epoch, in seconds"
intervals/Stimulus presentations,stop_time,"Stop time of epoch, in seconds"
intervals/Stimulus presentations,stimulus,Type of stimulus delivered
acquisition,Ketamine infusion start,Approximate timepoint of manual infusion of ketamine bolus
