path,size_bytes,asset_id,created,modified,download_url
sub-healthy-simulated-data/sub-healthy-simulated-data_ses-001_ecephys.nwb,822640,5409700b-e080-44e6-a6db-1d3e8890cd6c,2025-03-04T03:00:51.074095Z,2025-03-04T03:04:54.481314Z,https://api.dandiarchive.org/api/assets/5409700b-e080-44e6-a6db-1d3e8890cd6c/download/
sub-healthy-simulated-beta/sub-healthy-simulated-beta_ses-218_ecephys.nwb,225936,da77917e-655c-4eeb-a0a6-7529a8a35901,2025-03-27T21:23:26.575756Z,2025-03-27T22:20:54.192426Z,https://api.dandiarchive.org/api/assets/da77917e-655c-4eeb-a0a6-7529a8a35901/download/
sub-healthy-simulated-beta/sub-healthy-simulated-beta_ses-279_ecephys.nwb,225936,aa743a96-e79b-40b1-a0df-55ef3460e856,2025-03-27T21:23:26.987364Z,2025-03-27T22:20:54.211727Z,https://api.dandiarchive.org/api/assets/aa743a96-e79b-40b1-a0df-55ef3460e856/download/
sub-healthy-simulated-beta/sub-healthy-simulated-beta_ses-423_ecephys.nwb,225936,068afe41-3b8e-402f-91d4-9f297df677a2,2025-03-27T21:23:27.058792Z,2025-03-27T22:20:54.221862Z,https://api.dandiarchive.org/api/assets/068afe41-3b8e-402f-91d4-9f297df677a2/download/
sub-healthy-simulated-beta/sub-healthy-simulated-beta_ses-162_ecephys.nwb,225936,b344c8b7-422f-46bb-b016-b47dc1e87c65,2025-03-27T21:23:27.221420Z,2025-03-27T22:20:54.229536Z,https://api.dandiarchive.org/api/assets/b344c8b7-422f-46bb-b016-b47dc1e87c65/download/
sub-healthy-simulated-beta/sub-healthy-simulated-beta_ses-345_ecephys.nwb,225936,d0e8beef-ee7a-44a9-bebc-e0865b4c8f42,2025-03-27T21:23:27.226494Z,2025-03-27T22:20:54.245517Z,https://api.dandiarchive.org/api/assets/d0e8beef-ee7a-44a9-bebc-e0865b4c8f42/download/
sub-healthy-simulated-beta/sub-healthy-simulated-beta_ses-452_ecephys.nwb,225936,1800fb0a-1e60-459f-9631-878fbc7438ed,2025-03-27T21:23:30.181183Z,2025-03-27T22:20:54.253854Z,https://api.dandiarchive.org/api/assets/1800fb0a-1e60-459f-9631-878fbc7438ed/download/
sub-healthy-simulated-beta/sub-healthy-simulated-beta_ses-516_ecephys.nwb,225936,4f2100fa-9767-4612-9914-8cf7195e4421,2025-03-27T21:23:30.440143Z,2025-03-27T22:20:54.263516Z,https://api.dandiarchive.org/api/assets/4f2100fa-9767-4612-9914-8cf7195e4421/download/
sub-healthy-simulated-beta/sub-healthy-simulated-beta_ses-78_ecephys.nwb,225936,f0bbde56-41b8-4d8d-82ea-f1860dd863fb,2025-03-27T21:23:31.200870Z,2025-03-27T22:20:54.279320Z,https://api.dandiarchive.org/api/assets/f0bbde56-41b8-4d8d-82ea-f1860dd863fb/download/
sub-healthy-simulated-beta/sub-healthy-simulated-beta_ses-54_ecephys.nwb,225936,73214862-df4b-452b-a35c-d1f3bdb68180,2025-03-27T21:23:31.517910Z,2025-03-27T22:20:54.304928Z,https://api.dandiarchive.org/api/assets/73214862-df4b-452b-a35c-d1f3bdb68180/download/
sub-healthy-simulated-beta/sub-healthy-simulated-beta_ses-646_ecephys.nwb,225936,3e725ab6-1770-4b9c-a615-488e5e6b38e1,2025-03-27T21:23:31.668925Z,2025-03-27T22:20:54.311348Z,https://api.dandiarchive.org/api/assets/3e725ab6-1770-4b9c-a615-488e5e6b38e1/download/
sub-healthy-simulated-lfp/sub-healthy-simulated-lfp_ses-162_ecephys.nwb,822640,00df5264-001b-4bb0-a987-0ddfb6058961,2025-03-27T21:23:33.637069Z,2025-03-27T22:20:54.323049Z,https://api.dandiarchive.org/api/assets/00df5264-001b-4bb0-a987-0ddfb6058961/download/
sub-healthy-simulated-lfp/sub-healthy-simulated-lfp_ses-218_ecephys.nwb,822640,d92648ad-a2f8-4ec6-a125-363f45aa7f35,2025-03-27T21:23:34.599218Z,2025-03-27T22:20:54.332357Z,https://api.dandiarchive.org/api/assets/d92648ad-a2f8-4ec6-a125-363f45aa7f35/download/
sub-healthy-simulated-lfp/sub-healthy-simulated-lfp_ses-279_ecephys.nwb,822640,b29a7d22-0d2c-4067-9436-73599e70b112,2025-03-27T21:23:35.115532Z,2025-03-27T22:20:54.354701Z,https://api.dandiarchive.org/api/assets/b29a7d22-0d2c-4067-9436-73599e70b112/download/
sub-healthy-simulated-lfp/sub-healthy-simulated-lfp_ses-345_ecephys.nwb,822640,5625d510-89eb-458c-b4b1-d9466bfcac47,2025-03-27T21:23:35.511590Z,2025-03-27T22:20:54.365366Z,https://api.dandiarchive.org/api/assets/5625d510-89eb-458c-b4b1-d9466bfcac47/download/
sub-healthy-simulated-lfp/sub-healthy-simulated-lfp_ses-423_ecephys.nwb,822640,d55db7c7-9957-4c1a-8855-3a7568dc14df,2025-03-27T21:23:36.015634Z,2025-03-27T22:20:54.376773Z,https://api.dandiarchive.org/api/assets/d55db7c7-9957-4c1a-8855-3a7568dc14df/download/
sub-healthy-simulated-lfp/sub-healthy-simulated-lfp_ses-452_ecephys.nwb,822640,d3d17629-3cad-4d94-a69a-431e761747d8,2025-03-27T21:23:36.882430Z,2025-03-27T22:20:54.387778Z,https://api.dandiarchive.org/api/assets/d3d17629-3cad-4d94-a69a-431e761747d8/download/
sub-healthy-simulated-lfp/sub-healthy-simulated-lfp_ses-516_ecephys.nwb,822640,0ed8b387-7062-4ed3-b9da-8bf11973fe00,2025-03-27T21:23:37.787607Z,2025-03-27T22:20:54.401580Z,https://api.dandiarchive.org/api/assets/0ed8b387-7062-4ed3-b9da-8bf11973fe00/download/
sub-healthy-simulated-lfp/sub-healthy-simulated-lfp_ses-54_ecephys.nwb,822640,3cf468a1-4933-4aa6-b1c3-4a261b3ee6db,2025-03-27T21:23:38.781664Z,2025-03-27T22:20:54.427310Z,https://api.dandiarchive.org/api/assets/3cf468a1-4933-4aa6-b1c3-4a261b3ee6db/download/
sub-healthy-simulated-lfp/sub-healthy-simulated-lfp_ses-646_ecephys.nwb,822640,2a94cac8-920a-464d-a466-e54082e682c3,2025-03-27T21:23:39.138537Z,2025-03-27T22:20:54.437655Z,https://api.dandiarchive.org/api/assets/2a94cac8-920a-464d-a466-e54082e682c3/download/
sub-healthy-simulated-lfp/sub-healthy-simulated-lfp_ses-78_ecephys.nwb,822640,d9f879e1-e2be-4c0b-8138-98d813443057,2025-03-27T21:23:40.016557Z,2025-03-27T22:20:54.448074Z,https://api.dandiarchive.org/api/assets/d9f879e1-e2be-4c0b-8138-98d813443057/download/
sub-parkinson-simulated-beta/sub-parkinson-simulated-beta_ses-111_ecephys.nwb,225936,6b17c99d-19b9-4846-b1c9-671d9b187149,2025-03-27T21:23:40.907651Z,2025-03-27T22:20:54.456175Z,https://api.dandiarchive.org/api/assets/6b17c99d-19b9-4846-b1c9-671d9b187149/download/
sub-parkinson-simulated-beta/sub-parkinson-simulated-beta_ses-112_ecephys.nwb,225936,f78e0730-f53e-4513-8068-4b5e0e1a21c2,2025-03-27T21:23:41.313533Z,2025-03-27T22:20:54.471200Z,https://api.dandiarchive.org/api/assets/f78e0730-f53e-4513-8068-4b5e0e1a21c2/download/
sub-parkinson-simulated-beta/sub-parkinson-simulated-beta_ses-120_ecephys.nwb,225936,ad19aec9-221f-4f8b-8c95-e31345480f54,2025-03-27T21:23:42.196967Z,2025-03-27T22:20:54.478304Z,https://api.dandiarchive.org/api/assets/ad19aec9-221f-4f8b-8c95-e31345480f54/download/
sub-parkinson-simulated-beta/sub-parkinson-simulated-beta_ses-163_ecephys.nwb,225936,710ab238-483d-4314-860a-d64663c7cd16,2025-03-27T21:23:43.306065Z,2025-03-27T22:20:54.488744Z,https://api.dandiarchive.org/api/assets/710ab238-483d-4314-860a-d64663c7cd16/download/
sub-parkinson-simulated-beta/sub-parkinson-simulated-beta_ses-164_ecephys.nwb,225936,b3ee75b5-9a42-440c-aaf2-1f33e9fc0c49,2025-03-27T21:23:43.782834Z,2025-03-27T22:20:54.503686Z,https://api.dandiarchive.org/api/assets/b3ee75b5-9a42-440c-aaf2-1f33e9fc0c49/download/
sub-parkinson-simulated-beta/sub-parkinson-simulated-beta_ses-284_ecephys.nwb,225936,d8adefb2-9572-4732-849a-31a2d409659f,2025-03-27T21:23:44.722533Z,2025-03-27T22:20:54.515371Z,https://api.dandiarchive.org/api/assets/d8adefb2-9572-4732-849a-31a2d409659f/download/
sub-parkinson-simulated-beta/sub-parkinson-simulated-beta_ses-289_ecephys.nwb,225936,ab36c5ed-bc1e-4a5f-ad54-5ade615611e2,2025-03-27T21:23:44.966787Z,2025-03-27T22:20:54.528063Z,https://api.dandiarchive.org/api/assets/ab36c5ed-bc1e-4a5f-ad54-5ade615611e2/download/
sub-parkinson-simulated-beta/sub-parkinson-simulated-beta_ses-298_ecephys.nwb,225936,eeb8e2b2-f933-4fd3-ac98-e40b1747dac4,2025-03-27T21:23:45.675029Z,2025-03-27T22:20:54.539672Z,https://api.dandiarchive.org/api/assets/eeb8e2b2-f933-4fd3-ac98-e40b1747dac4/download/
sub-parkinson-simulated-beta/sub-parkinson-simulated-beta_ses-339_ecephys.nwb,225936,15f07a23-15ff-4846-a23d-c1be818fa263,2025-03-27T21:23:46.560742Z,2025-03-27T22:20:54.548029Z,https://api.dandiarchive.org/api/assets/15f07a23-15ff-4846-a23d-c1be818fa263/download/
sub-parkinson-simulated-beta/sub-parkinson-simulated-beta_ses-51_ecephys.nwb,225936,712fd6c0-5543-476d-9493-7bdb652acdf2,2025-03-27T21:23:47.663248Z,2025-03-27T22:20:54.557283Z,https://api.dandiarchive.org/api/assets/712fd6c0-5543-476d-9493-7bdb652acdf2/download/
sub-parkinson-simulated-beta/sub-parkinson-simulated-beta_ses-93_ecephys.nwb,225936,d65bfc28-c02e-4469-96c6-224a1933f24e,2025-03-27T21:23:48.770223Z,2025-03-27T22:20:54.577250Z,https://api.dandiarchive.org/api/assets/d65bfc28-c02e-4469-96c6-224a1933f24e/download/
sub-parkinson-simulated-beta/sub-parkinson-simulated-beta_ses-60_ecephys.nwb,225936,310f3fe9-014b-469c-a4af-66f0df383c28,2025-03-27T21:23:49.003354Z,2025-03-27T22:20:54.587857Z,https://api.dandiarchive.org/api/assets/310f3fe9-014b-469c-a4af-66f0df383c28/download/
sub-parkinson-simulated-lfp/sub-parkinson-simulated-lfp_ses-111_ecephys.nwb,822640,5535e23a-9029-43c5-80fb-0fb596541a81,2025-03-27T21:23:49.919045Z,2025-03-27T22:20:54.598724Z,https://api.dandiarchive.org/api/assets/5535e23a-9029-43c5-80fb-0fb596541a81/download/
sub-parkinson-simulated-lfp/sub-parkinson-simulated-lfp_ses-112_ecephys.nwb,822640,3171031a-12ee-46e0-8148-ebc3b23d06f3,2025-03-27T21:23:50.554117Z,2025-03-27T22:20:54.614157Z,https://api.dandiarchive.org/api/assets/3171031a-12ee-46e0-8148-ebc3b23d06f3/download/
sub-parkinson-simulated-lfp/sub-parkinson-simulated-lfp_ses-120_ecephys.nwb,822640,77100cd9-ef5b-48fe-bc04-2c433cd3e7ad,2025-03-27T21:23:51.359021Z,2025-03-27T22:20:54.637208Z,https://api.dandiarchive.org/api/assets/77100cd9-ef5b-48fe-bc04-2c433cd3e7ad/download/
sub-parkinson-simulated-lfp/sub-parkinson-simulated-lfp_ses-159_ecephys.nwb,727440,dd2994ec-2eb9-4002-928e-c1590a6f255c,2025-03-27T21:23:52.868035Z,2025-03-27T22:20:54.653342Z,https://api.dandiarchive.org/api/assets/dd2994ec-2eb9-4002-928e-c1590a6f255c/download/
sub-parkinson-simulated-lfp/sub-parkinson-simulated-lfp_ses-124_ecephys.nwb,727440,716eb56c-8712-4d64-93f6-1e5cc83e9406,2025-03-27T21:23:53.099416Z,2025-03-27T22:20:54.669253Z,https://api.dandiarchive.org/api/assets/716eb56c-8712-4d64-93f6-1e5cc83e9406/download/
sub-parkinson-simulated-lfp/sub-parkinson-simulated-lfp_ses-163_ecephys.nwb,822640,5ded1fc6-8320-47f4-b6f2-bc0c28ee3d0b,2025-03-27T21:23:53.256418Z,2025-03-27T22:20:54.689344Z,https://api.dandiarchive.org/api/assets/5ded1fc6-8320-47f4-b6f2-bc0c28ee3d0b/download/
sub-parkinson-simulated-lfp/sub-parkinson-simulated-lfp_ses-164_ecephys.nwb,822640,dab7b728-893d-429d-a2f1-0b9cca00a8fa,2025-03-27T21:23:54.025801Z,2025-03-27T22:20:54.703368Z,https://api.dandiarchive.org/api/assets/dab7b728-893d-429d-a2f1-0b9cca00a8fa/download/
sub-parkinson-simulated-lfp/sub-parkinson-simulated-lfp_ses-219_ecephys.nwb,727440,09e5f6e1-05e6-4eaa-8afc-beae77423de8,2025-03-27T21:23:54.438377Z,2025-03-27T22:20:54.712767Z,https://api.dandiarchive.org/api/assets/09e5f6e1-05e6-4eaa-8afc-beae77423de8/download/
sub-parkinson-simulated-lfp/sub-parkinson-simulated-lfp_ses-284_ecephys.nwb,822640,8b47c7ff-2f06-4aed-87de-09603efb4a82,2025-03-27T21:23:57.001172Z,2025-03-27T22:20:54.721086Z,https://api.dandiarchive.org/api/assets/8b47c7ff-2f06-4aed-87de-09603efb4a82/download/
sub-parkinson-simulated-lfp/sub-parkinson-simulated-lfp_ses-245_ecephys.nwb,727440,89639275-687e-4a53-9849-dc6269756161,2025-03-27T21:23:57.002127Z,2025-03-27T22:20:54.751238Z,https://api.dandiarchive.org/api/assets/89639275-687e-4a53-9849-dc6269756161/download/
sub-parkinson-simulated-lfp/sub-parkinson-simulated-lfp_ses-289_ecephys.nwb,822640,cbb1165a-2b09-4da3-8388-6ce91fccbdbd,2025-03-27T21:23:57.394733Z,2025-03-27T22:20:54.765704Z,https://api.dandiarchive.org/api/assets/cbb1165a-2b09-4da3-8388-6ce91fccbdbd/download/
sub-parkinson-simulated-lfp/sub-parkinson-simulated-lfp_ses-318_ecephys.nwb,727440,648ea977-5aa7-48e4-bcd0-74352e6120ab,2025-03-27T21:23:58.107792Z,2025-03-27T22:20:54.776119Z,https://api.dandiarchive.org/api/assets/648ea977-5aa7-48e4-bcd0-74352e6120ab/download/
sub-parkinson-simulated-lfp/sub-parkinson-simulated-lfp_ses-298_ecephys.nwb,822640,b037942c-b64b-4a05-84f2-1f22092a0aba,2025-03-27T21:23:58.178231Z,2025-03-27T22:20:54.785126Z,https://api.dandiarchive.org/api/assets/b037942c-b64b-4a05-84f2-1f22092a0aba/download/
sub-parkinson-simulated-lfp/sub-parkinson-simulated-lfp_ses-51_ecephys.nwb,822640,6aa013b8-536c-4556-9730-94b71ae26c55,2025-03-27T21:24:00.876608Z,2025-03-27T22:20:54.793391Z,https://api.dandiarchive.org/api/assets/6aa013b8-536c-4556-9730-94b71ae26c55/download/
sub-parkinson-simulated-lfp/sub-parkinson-simulated-lfp_ses-339_ecephys.nwb,822640,6780a74f-c6f5-443b-bb4b-4925df43a98f,2025-03-27T21:24:00.882648Z,2025-03-27T22:20:54.801378Z,https://api.dandiarchive.org/api/assets/6780a74f-c6f5-443b-bb4b-4925df43a98f/download/
sub-parkinson-simulated-lfp/sub-parkinson-simulated-lfp_ses-60_ecephys.nwb,822640,1459e719-d2d1-488d-9300-b60cda568ba1,2025-03-27T21:24:01.269665Z,2025-03-27T22:20:54.808439Z,https://api.dandiarchive.org/api/assets/1459e719-d2d1-488d-9300-b60cda568ba1/download/
sub-parkinson-simulated-lfp/sub-parkinson-simulated-lfp_ses-69_ecephys.nwb,727440,10b29ee8-94df-41c9-912b-650a1a2f24aa,2025-03-27T21:24:01.754646Z,2025-03-27T22:20:54.814476Z,https://api.dandiarchive.org/api/assets/10b29ee8-94df-41c9-912b-650a1a2f24aa/download/
sub-parkinson-simulated-lfp/sub-parkinson-simulated-lfp_ses-66_ecephys.nwb,727440,05c7b51e-b245-4805-a7b8-9b3702ddc6cb,2025-03-27T21:24:01.773819Z,2025-03-27T22:20:54.820929Z,https://api.dandiarchive.org/api/assets/05c7b51e-b245-4805-a7b8-9b3702ddc6cb/download/
sub-parkinson-simulated-lfp/sub-parkinson-simulated-lfp_ses-93_ecephys.nwb,822640,28fc91eb-eca2-4c8f-ba41-1cb7a38bcd50,2025-03-27T21:24:02.852457Z,2025-03-27T22:20:54.827415Z,https://api.dandiarchive.org/api/assets/28fc91eb-eca2-4c8f-ba41-1cb7a38bcd50/download/
