region,n_units,n_sessions,n_subjects,firing_rate_mean_hz,firing_rate_median_hz
CA1,16883,60,16,3.8913764301531324,1.8058961685765798
void,16723,60,16,1.3220626239163529,0.7544346914265018
CA3,12690,60,16,5.080839382340114,1.796757028536974
MOs5,9458,59,16,4.386813685295184,2.298856354538753
MOs6a,8224,59,16,3.162280795983715,1.2611683802668845
MOp5,6362,46,14,5.1605068558340434,2.8170567716511234
MOp6a,6033,40,14,3.7185510236417856,1.5595483506387726
PL5,5129,32,10,4.657442057584738,2.096687284174506
LSr,5038,45,16,4.286841189262851,1.883290889212119
MOp2/3,4589,49,14,2.9586918809616276,1.1446121709295
CP,3974,32,11,2.03349364467316,0.8679980865609553
LGd-co,3479,55,15,9.850589343018965,8.096573638728321
DG-mo,3372,60,16,4.047629467411915,1.9241565860249192
MOs2/3,3273,59,16,2.462262631473519,0.9383834324874386
PL6a,3194,44,16,3.7909343388258145,1.6230744267437696
VISp2/3,2970,60,16,3.1394648004948773,1.3267485427301406
VISp5,2800,60,16,7.791388034027736,5.40793624397268
ACAd6a,2688,54,16,3.572195491113693,1.6042465615885324
or,2652,60,16,3.6718502454359965,1.468517152962416
VISp4,2416,60,16,6.074392818843503,3.791662794886527
LD,2184,31,12,11.801715614159345,9.798565218800023
DG-sg,2104,58,16,4.27179183015412,1.8458818120614522
STR,2098,54,16,3.8903679360291696,1.6367287920128093
VISl5,2019,45,14,5.597819947051172,3.2305808675944294
ACAd5,1998,26,9,5.827716210252003,2.9584950033722617
LGd-sh,1965,55,15,10.898456302771601,9.266598699439317
VISa2/3,1887,46,16,2.961079887797816,1.1366713941741464
cing,1883,54,15,2.5439449015414843,1.1712204190295865
fi,1685,56,16,2.584884337299118,0.8147192130046177
ccg,1682,39,13,2.152418003625931,0.9088123064412603
LGv,1675,25,10,7.060981128932229,2.659957647885542
DP,1595,29,10,4.096124911213743,1.6369766036424602
VISp6a,1524,60,16,5.560667128799626,3.1454163645396758
SSp-bfd6a,1456,39,13,5.723660741653426,3.16425087062348
ILA5,1446,23,10,4.167464664930441,1.5780647912610881
VISl6a,1334,45,14,4.394104690214783,2.336324757440014
fp,1270,60,16,4.8012446400100615,1.9970067913476912
SSp-bfd5,1269,33,12,5.583339558343655,3.094129849169613
VISl2/3,1265,41,13,3.325379377689756,1.3431033311880933
alv,1261,60,16,3.9869060955779108,1.448957156682878
VISa5,1205,26,11,5.490553984536204,3.2080358687838446
TTd,1202,24,7,4.322639928765667,1.4828705762086543
ar,1191,27,12,3.3088762787241537,1.0269351602248995
VPM,1175,16,7,7.401898280354137,2.5538500757097045
VISa4,1165,34,13,4.23812193587704,2.0013431664776324
TH,1107,43,14,7.806775770249072,3.750362233648602
VISl4,1099,41,13,4.7574787028509355,2.6157094935444962
DG-po,1084,43,14,4.023625280036216,1.892352798254356
ProS,1045,15,7,6.156532787663463,3.560253543316515
AV,986,18,9,11.405581660083124,9.145910932278877
MD,949,19,8,9.120446394814284,7.034459267583688
MGv,907,14,7,7.820569189071196,5.910050103592803
LGd-ip,901,22,9,12.827008282869956,11.710020144519314
ACAv6a,863,24,11,4.744658282148463,1.9312972313739825
CA2,850,53,16,5.601912006522932,2.309700741546873
fa,823,36,14,2.355718824516631,0.8744394580575754
RT,794,17,8,4.2586634444011455,1.0864087342205078
ACAv5,745,13,8,4.922578823131271,2.2887285500946213
ILA6a,741,21,13,4.599239763457815,1.6981750781002491
AD,719,16,6,9.501539393956492,4.828511076095142
MOs1,719,56,16,0.9609202165768876,0.7692209894349626
CL,675,11,5,9.119596510314068,6.745004115340409
IGL,661,27,12,7.056490966487524,2.331760542198788
ccs,601,50,16,3.501465284646573,1.397525995222539
ccb,585,52,16,2.454798741715579,0.9619993817271021
SSp-tr5,583,16,7,6.087385206951349,3.4916722882002507
VISrl5,576,15,10,6.1762749812528375,3.923219469128627
SSp-bfd4,572,16,9,4.211916988091135,1.9367814490109105
LP,563,11,4,10.439162235628377,8.788341788308875
VISrl4,536,15,11,4.405240697883199,2.453576425503349
SH,512,12,7,4.458677329240019,2.0777636331174456
PL2/3,508,11,4,2.6446127129784376,1.269970607576065
ILA2/3,462,13,6,2.2716412746681915,1.2225986169676792
VISa1,459,45,14,0.85126945526169,0.5295163706343597
MOp1,435,46,14,1.3610028655639714,0.7279971636354273
VISrl2/3,430,18,11,3.3586113214576137,1.3303213681228372
SSp-tr6a,410,12,5,4.984339786556843,2.6250834683687474
fiber tracts,408,45,15,2.209334217864169,0.7899302619047224
VISa6a,365,12,6,4.4445633097907615,2.375205430638676
VL,342,35,13,2.7866126860867944,0.9608146623541449
IntG,341,7,6,4.361436972668164,1.7966089956247293
int,331,8,6,1.7551549046107,0.5967688618297847
scwm,326,24,10,2.211433013650625,1.0627614321285526
VISp6b,314,49,16,4.864629641057706,2.492022480797912
SUB,312,5,3,10.356823026379546,7.557123350532025
MGd,305,10,7,9.937088270213842,8.570585087627096
IAD,296,7,4,3.738798765599334,1.0365419781590155
VISp1,291,47,15,1.2604395228079879,0.8761745535026224
MOs6b,289,29,10,3.32754858965922,1.3505874377547906
OLF,283,22,8,4.168982217386321,1.5747577762528344
root,277,39,14,3.0832521785660103,1.122332592403866
AMd,269,4,4,7.081806303542252,5.69402833905366
SSp-bfd6b,263,37,12,4.208335767647976,1.8913261024191814
VISl6b,258,38,14,3.0504381943194696,1.4841392408437417
MOp6b,247,27,9,4.016341201697034,1.543621134917777
MGm,233,8,5,7.354865294370869,4.959157601911258
st,220,19,10,1.775841482681506,0.5995235752533511
ZI,218,12,9,4.800424834972791,1.3257892641782985
SSp-tr4,216,11,5,4.226445450277995,2.5167030699130564
LSc,194,5,3,2.9961481061655526,1.954465994123182
IG,188,9,3,3.4009710887808837,1.6698622502335223
SSp-bfd2/3,185,6,4,3.2488208973095345,1.0976450082092257
ILA1,184,11,4,1.7633706247113623,1.21844067655598
AMv,174,2,2,6.01977584729494,4.216079044030494
MS,174,4,2,3.9429321247180034,1.417685327913846
SSp-tr2/3,173,9,4,3.1246664324503866,1.5536147975272734
ORBm6a,172,1,1,3.534779442373916,2.060061394705126
VAL,157,6,4,9.478394192667208,6.263080642258547
SEZ,155,20,13,2.7023123277816357,1.0580783576908186
SSp-ll5,154,3,2,7.395367778977469,5.125356822873871
RSPv5,153,2,1,8.755582957458945,5.7989973059303495
PL6b,149,17,11,3.222750646214288,1.6621271727899192
SSp-ll6a,139,4,3,4.474207860371636,1.9035504827762042
VISrl6a,137,8,6,5.857977351913411,2.63914082836449
VISl1,136,24,12,1.035504106307523,0.8069912262142055
ACAv2/3,120,10,5,3.006377183998225,1.6569718923409704
SSp-ll2/3,120,3,2,2.575542973636416,0.6647840095978965
PCN,119,4,2,2.7605402174948166,0.5701991614797234
ACAv6b,108,15,6,3.6430024800176017,1.7487563091331924
LH,85,6,2,10.024238648664506,6.124606980788777
PoT,82,2,1,6.487802418322169,2.9743469409400825
PO,76,1,1,8.17387328985904,6.796880567675123
MB,75,5,3,1.6427815978287394,0.9553195321449046
VPL,71,3,3,6.110160248893969,1.5732736075275313
PL1,66,5,3,1.7009964992572864,1.3649578866383894
sm,60,10,5,6.947653467667947,1.1036048425178198
LT,56,5,3,5.283397238421514,1.3543553876929393
LSv,54,2,2,4.695820763997979,2.7827857070278013
SSp-tr6b,52,7,3,3.4489874169262835,1.9701189031224948
cpd,51,1,1,1.206928747976816,1.3118948818024572
ACAv1,50,6,3,2.1495858255641296,1.4285826122761556
VISrl1,49,10,8,1.681611749106597,0.7657183375344443
ORBvl6a,46,1,1,3.88573017667425,1.5453956830612112
SubG,46,2,1,2.216459474144913,0.8705143320274729
bsc,45,23,13,5.7381763364451635,1.4577752708473797
ACAd6b,42,8,5,4.336944462967468,2.5701331993190095
dhc,41,7,4,7.021714348688724,2.6977038366690644
SGN,39,1,1,10.804189356892742,9.410097147597533
MH,38,2,2,8.685458350009531,6.124421975291699
PP,38,3,2,7.293357963394494,3.036537762134663
ILA6b,34,2,2,2.8983091206154534,0.7163202991361606
VISa6b,31,7,3,4.717305496592628,2.046728040944754
Eth,31,1,1,11.96141929478977,10.42096388572515
V3,28,5,3,1.2858597922473505,0.4333907219738846
SSp-ll4,28,2,1,7.186225337912651,6.8692309338231246
PIL,27,2,2,6.1477547944051825,5.520911770175541
RSPv6a,26,1,1,4.377596199957273,2.817276024945431
SSp-ll6b,26,3,3,3.952271381186173,1.706357968684014
chpl,22,8,5,5.693808306919166,1.8148987505026195
SSp-tr1,21,3,3,0.7569370040652719,0.4317294465077048
SSp-un5,18,1,1,8.69834782978081,8.843217220219408
SSp-un6a,16,2,2,11.15596936177757,10.830350528460738
SSp-ll1,15,3,2,1.5849515493762305,0.9612565273176388
HPF,15,6,5,6.117981955685224,3.52684491884159
RSPagl2/3,12,1,1,1.8658251292242085,1.167014625819467
RSPagl5,10,2,1,7.072396196532635,7.1199555579891625
RSPd5,8,1,1,4.1663082540891585,3.135705032658909
VISrl6b,8,2,2,10.133377565418971,4.653802067088133
ml,7,1,1,3.8199226350817233,1.7677701268830583
RSPv6b,7,1,1,3.301397989081584,2.2409148313079283
SSp-un6b,5,1,1,22.161546423098258,19.9472759040506
HY,4,1,1,4.991334487728217,3.81851031628396
RSPagl1,3,1,1,1.3665241796875438,1.4245633226309842
df,3,1,1,10.256951432036576,2.8494546660053994
