session_id,asset_path,size_gb,subject_id,species,sex,age,genotype,strain,session_start_time,session_description,institution,lab,n_units,n_electrodes,electrode_groups,region_source,regions,intervals,acquisition,processing
sub-752309_ses-ecephys-752309-2025-02-11-14-00-40_ecephys,sub-752309/sub-752309_ses-ecephys-752309-2025-02-11-14-00-40_ecephys.nwb,17.87,752309,Mus musculus,F,P220D,Sst-IRES-Cre/wt;Ai32(RCL-ChR2(H134R)_EYFP)/wt,,2025-02-11T14:00:40-08:00,NWB file generated by AIND pipeline,Allen Institute for Neural Dynamics,,4113,2880,ProbeA;ProbeB;ProbeC;ProbeD;ProbeE;ProbeF,electrodes.location at the electrode (among the unit's units.electrodes) nearest to units.depth/estimated_x (file has no peak-channel column),ACAd5;ACAv1;ACAv2/3;ACAv5;CA1;CA2;CA3;DG-mo;DG-po;DG-sg;IG;LGd-co;LGd-ip;LGd-sh;LGv;LP;LSr;MGd;MGm;MGv;MOs2/3;MOs5;PIL;PL5;ProS;SGN;SH;SSp-bfd1;SSp-bfd2/3;SSp-bfd4;SSp-bfd5;SSp-bfd6a;SSp-bfd6b;STR;SUB;TH;VISa1;VISa2/3;VISa4;VISa5;VISa6a;VISa6b;VISal1;VISal2/3;VISal4;VISal5;VISal6a;VISal6b;VISam2/3;VISam4;VISam5;VISam6a;VISam6b;VISp1;VISp2/3;VISp4;VISp5;VISp6a;VISp6b;ZI;alv;ar;bsc;ccg;ccs;fiber tracts;fp;or;scwm;void,40 hz pulse train_presentations(150);5 hz pulse train_presentations(150);behavior_presentations(3598);post_receptive_field_mapping_presentations(1944);post_surround_suppression_mapping_presentations(750);pre_receptive_field_mapping_presentations(1944);pre_surround_suppression_mapping_presentations(750);raised_cosine_presentations(147);spontaneous_presentations(5099),autorewarded;licks;raw_running_wheel_rotation;reward_volume;running_wheel_signal_voltage;running_wheel_supply_voltage,ecephys:LFP;eye_tracking:likely_blink_times/corneal_reflection/ellipse/pupil;running:running_speed/running_wheel_rotation;stimulus:timestamps
sub-752309_ses-ecephys-752309-2025-02-12-13-53-52_ecephys,sub-752309/sub-752309_ses-ecephys-752309-2025-02-12-13-53-52_ecephys.nwb,17.68,752309,Mus musculus,F,P221D,Sst-IRES-Cre/wt;Ai32(RCL-ChR2(H134R)_EYFP)/wt,,2025-02-12T13:53:52-08:00,NWB file generated by AIND pipeline,Allen Institute for Neural Dynamics,,4055,2880,ProbeA;ProbeB;ProbeC;ProbeD;ProbeE;ProbeF,electrodes.location at units.electrodes[extremum_channel_index] (each unit lists all channels of its probe; position checked against units.depth),ACAd5;ACAv1;CA1;CA2;CA3;DG-mo;DG-po;DG-sg;HPF;IG;IGL;LGd-co;LGd-ip;LGd-sh;LGv;LSr;MGd;MOs2/3;MOs5;PL1;PL2/3;PL5;SH;SSp-bfd1;SSp-bfd2/3;SSp-bfd4;SSp-bfd5;SSp-bfd6a;STR;TH;VISa1;VISa2/3;VISa4;VISa5;VISa6a;VISa6b;VISal1;VISal2/3;VISal4;VISal5;VISal6a;VISal6b;VISam2/3;VISam4;VISam5;VISam6a;VISam6b;VISp2/3;VISp4;VISp5;VISp6a;VISp6b;VPM;ZI;alv;ar;bsc;ccg;ccs;cing;fa;fiber tracts;fp;or;root;scwm;void,40 hz pulse train_presentations(150);5 hz pulse train_presentations(150);behavior_presentations(3598);post_receptive_field_mapping_presentations(1944);post_surround_suppression_mapping_presentations(750);pre_receptive_field_mapping_presentations(1944);pre_surround_suppression_mapping_presentations(750);raised_cosine_presentations(150);spontaneous_presentations(5099),autorewarded;licks;raw_running_wheel_rotation;reward_volume;running_wheel_signal_voltage;running_wheel_supply_voltage,ecephys:LFP;eye_tracking:likely_blink_times/corneal_reflection/ellipse/pupil;running:running_speed/running_wheel_rotation;stimulus:timestamps
sub-752311_ses-ecephys-752311-2025-01-22-14-05-21_ecephys,sub-752311/sub-752311_ses-ecephys-752311-2025-01-22-14-05-21_ecephys.nwb,18.35,752311,Mus musculus,F,P200D,Sst-IRES-Cre/wt;Ai32(RCL-ChR2(H134R)_EYFP)/wt,,2025-01-22T14:05:21-08:00,NWB file generated by AIND pipeline,Allen Institute for Neural Dynamics,,4331,2880,ProbeA;ProbeB;ProbeC;ProbeD;ProbeE;ProbeF,electrodes.location at the electrode (among the unit's units.electrodes) nearest to units.depth/estimated_x (file has no peak-channel column),ACAd6a;ACAv5;CA1;CA2;CA3;DG-mo;DG-po;DG-sg;DP;IGL;ILA5;LGd-co;LGd-ip;LGd-sh;LGv;LP;MGd;MGv;MOs1;MOs2/3;MOs5;MOs6a;OLF;PL5;PL6a;SGN;SH;SSp-bfd1;SSp-bfd2/3;SSp-bfd4;SSp-bfd5;SSp-bfd6a;SSp-bfd6b;STR;SUB;TH;TTd;VISa2/3;VISa4;VISa5;VISa6a;VISal2/3;VISal4;VISal5;VISal6a;VISal6b;VISam1;VISam2/3;VISam4;VISam5;VISam6a;VISam6b;VISp1;VISp2/3;VISp4;VISp5;VISp6a;VISp6b;VISrl5;VISrl6a;VISrl6b;VPM;alv;bsc;ccs;dhc;fiber tracts;fp;or;root;void,40 hz pulse train_presentations(150);5 hz pulse train_presentations(149);behavior_presentations(3598);post_receptive_field_mapping_presentations(1944);post_surround_suppression_mapping_presentations(750);pre_receptive_field_mapping_presentations(1944);pre_surround_suppression_mapping_presentations(750);raised_cosine_presentations(151);spontaneous_presentations(5099),autorewarded;licks;raw_running_wheel_rotation;reward_volume;running_wheel_signal_voltage;running_wheel_supply_voltage,ecephys:LFP;eye_tracking:likely_blink_times/corneal_reflection/ellipse/pupil;running:running_speed/running_wheel_rotation;stimulus:timestamps
sub-752311_ses-ecephys-752311-2025-01-23-14-00-04_ecephys,sub-752311/sub-752311_ses-ecephys-752311-2025-01-23-14-00-04_ecephys.nwb,18.04,752311,Mus musculus,F,P201D,Sst-IRES-Cre/wt;Ai32(RCL-ChR2(H134R)_EYFP)/wt,,2025-01-23T14:00:04-08:00,NWB file generated by AIND pipeline,Allen Institute for Neural Dynamics,,4141,2880,ProbeA;ProbeB;ProbeC;ProbeD;ProbeE;ProbeF,electrodes.location at the electrode (among the unit's units.electrodes) nearest to units.depth/estimated_x (file has no peak-channel column),ACAd6a;ACAv6a;ACAv6b;CA1;CA3;DG-mo;DG-po;DG-sg;DT;HPF;IGL;LGd-co;LGd-ip;LGd-sh;LGv;LSr;MGm;MOs1;MOs2/3;MOs5;MOs6a;MS;PIL;PL6a;POL;POST;PoT;SGN;SSp-bfd2/3;SSp-bfd4;SSp-bfd5;SSp-bfd6a;STR;SUB;TH;VISa1;VISa2/3;VISal1;VISal2/3;VISal4;VISal5;VISal6a;VISal6b;VISam1;VISam2/3;VISam4;VISam5;VISam6a;VISam6b;VISp1;VISp2/3;VISp4;VISp5;VISp6a;VISp6b;VISrl2/3;VISrl4;VISrl5;VISrl6a;VISrl6b;VPM;alv;ar;bsc;ccg;cing;dhc;fa;fiber tracts;fp;or;root;scwm;void,40 hz pulse train_presentations(150);5 hz pulse train_presentations(150);behavior_presentations(3598);post_receptive_field_mapping_presentations(1944);post_surround_suppression_mapping_presentations(750);pre_receptive_field_mapping_presentations(1944);pre_surround_suppression_mapping_presentations(750);raised_cosine_presentations(150);spontaneous_presentations(5099),autorewarded;licks;raw_running_wheel_rotation;reward_volume;running_wheel_signal_voltage;running_wheel_supply_voltage,ecephys:LFP;eye_tracking:likely_blink_times/corneal_reflection/ellipse/pupil;running:running_speed/running_wheel_rotation;stimulus:timestamps
sub-752312_ses-ecephys-752312-2025-01-30-11-44-04_ecephys,sub-752312/sub-752312_ses-ecephys-752312-2025-01-30-11-44-04_ecephys.nwb,14.93,752312,Mus musculus,F,P208D,Sst-IRES-Cre/wt;Ai32(RCL-ChR2(H134R)_EYFP)/wt,,2025-01-30T11:44:04-08:00,Base NWB file generated with subject metadata,Allen Institute for Neural Dynamics,,3287,2400,ProbeA;ProbeB;ProbeC;ProbeD;ProbeE,electrodes.location at units.electrodes[extremum_channel_index] (each unit lists all channels of its probe; position checked against units.depth),CA1;CA2;CA3;DG-mo;DG-po;DG-sg;LGd-co;LGd-ip;LGd-sh;LGv;LP;MGd;MGm;MGv;PIL;SGN;SSp-bfd2/3;SSp-bfd4;SSp-bfd5;SSp-bfd6a;SSp-bfd6b;SUB;TH;VISa1;VISa2/3;VISa4;VISa5;VISa6a;VISa6b;VISal2/3;VISal4;VISal5;VISal6a;VISal6b;VISam1;VISam2/3;VISam4;VISam5;VISam6a;VISam6b;VISp2/3;VISp4;VISp5;VISp6a;VISp6b;VPM;ZI;alv;ar;bsc;ccs;dhc;fiber tracts;fp;or;root;void,40 hz pulse train_presentations(149);5 hz pulse train_presentations(147);behavior_presentations(3598);post_receptive_field_mapping_presentations(1944);post_surround_suppression_mapping_presentations(750);pre_receptive_field_mapping_presentations(1944);pre_surround_suppression_mapping_presentations(750);raised_cosine_presentations(148);spontaneous_presentations(5099),autorewarded;licks;raw_running_wheel_rotation;reward_volume;running_wheel_signal_voltage;running_wheel_supply_voltage,ecephys:LFP;eye_tracking:likely_blink_times/corneal_reflection/ellipse/pupil;running:running_speed/running_wheel_rotation;stimulus:timestamps
sub-752312_ses-ecephys-752312-2025-01-31-11-02-20_ecephys,sub-752312/sub-752312_ses-ecephys-752312-2025-01-31-11-02-20_ecephys.nwb,18.62,752312,Mus musculus,F,P209D,Sst-IRES-Cre/wt;Ai32(RCL-ChR2(H134R)_EYFP)/wt,,2025-01-31T11:02:20-08:00,NWB file generated by AIND pipeline,Allen Institute for Neural Dynamics,,4596,2880,ProbeA;ProbeB;ProbeC;ProbeD;ProbeE;ProbeF,electrodes.location at the electrode (among the unit's units.electrodes) nearest to units.depth/estimated_x (file has no peak-channel column),ACAd5;ACAv2/3;ACAv5;CA1;CA2;CA3;DG-mo;DG-po;DG-sg;HPF;LGd-co;LGd-ip;LGd-sh;LGv;LP;LSr;LSv;MGd;MGm;MGv;MOs2/3;MOs5;SGN;SH;SSp-bfd2/3;SSp-bfd4;SSp-bfd5;SSp-bfd6a;SSp-bfd6b;STR;SUB;TH;VISa1;VISa2/3;VISa4;VISa5;VISa6a;VISa6b;VISal2/3;VISal4;VISal5;VISal6a;VISal6b;VISam2/3;VISam4;VISam5;VISam6a;VISam6b;VISp1;VISp2/3;VISp4;VISp5;VISp6a;VISp6b;VPM;ZI;alv;ar;bsc;ccg;ccs;dhc;fiber tracts;fp;or;root;scwm;void,40 hz pulse train_presentations(150);5 hz pulse train_presentations(150);behavior_presentations(3598);post_receptive_field_mapping_presentations(1944);post_surround_suppression_mapping_presentations(750);pre_receptive_field_mapping_presentations(1944);pre_surround_suppression_mapping_presentations(750);raised_cosine_presentations(150);spontaneous_presentations(5099),autorewarded;licks;raw_running_wheel_rotation;reward_volume;running_wheel_signal_voltage;running_wheel_supply_voltage,ecephys:LFP;eye_tracking:likely_blink_times/corneal_reflection/ellipse/pupil;running:running_speed/running_wheel_rotation;stimulus:timestamps
sub-753316_ses-ecephys-753316-2025-01-28-13-57-06_ecephys,sub-753316/sub-753316_ses-ecephys-753316-2025-01-28-13-57-06_ecephys.nwb,17.96,753316,Mus musculus,F,P201D,Sst-IRES-Cre/wt;Ai32(RCL-ChR2(H134R)_EYFP)/wt,,2025-01-28T13:57:06-08:00,NWB file generated by AIND pipeline,Allen Institute for Neural Dynamics,,4351,2880,ProbeA;ProbeB;ProbeC;ProbeD;ProbeE;ProbeF,electrodes.location at the electrode (among the unit's units.electrodes) nearest to units.depth/estimated_x (file has no peak-channel column),ACAd2/3;ACAd5;ACAv1;ACAv2/3;ACAv5;CA1;CA2;CA3;DG-mo;DG-po;DG-sg;LGd-co;LGd-sh;LGv;LSc;LSr;LT;MGd;MGm;MGv;MOs1;MOs2/3;MOs5;PIL;POST;PP;SSp-bfd1;SSp-bfd2/3;SSp-bfd4;SSp-bfd5;SSp-bfd6a;SUB;TH;VISa1;VISa2/3;VISa6a;VISa6b;VISal1;VISal2/3;VISal4;VISal5;VISal6a;VISal6b;VISam2/3;VISam4;VISam5;VISam6a;VISam6b;VISp1;VISp2/3;VISp4;VISp5;VISp6a;VISp6b;VISrl5;VISrl6a;VPM;alv;bsc;ccb;ccs;dhc;fiber tracts;fp;or;root;void,40 hz pulse train_presentations(33);5 hz pulse train_presentations(37);behavior_presentations(3598);post_receptive_field_mapping_presentations(1944);post_surround_suppression_mapping_presentations(750);pre_receptive_field_mapping_presentations(1944);pre_surround_suppression_mapping_presentations(750);raised_cosine_presentations(34);spontaneous_presentations(5099),autorewarded;licks;raw_running_wheel_rotation;reward_volume;running_wheel_signal_voltage;running_wheel_supply_voltage,ecephys:LFP;eye_tracking:likely_blink_times/corneal_reflection/ellipse/pupil;running:running_speed/running_wheel_rotation;stimulus:timestamps
sub-753316_ses-ecephys-753316-2025-01-29-13-57-16_ecephys,sub-753316/sub-753316_ses-ecephys-753316-2025-01-29-13-57-16_ecephys.nwb,17.27,753316,Mus musculus,F,P202D,Sst-IRES-Cre/wt;Ai32(RCL-ChR2(H134R)_EYFP)/wt,,2025-01-29T13:57:16-08:00,NWB file generated by AIND pipeline,Allen Institute for Neural Dynamics,,3854,2880,ProbeA;ProbeB;ProbeC;ProbeD;ProbeE;ProbeF,electrodes.location at the electrode (among the unit's units.electrodes) nearest to units.depth/estimated_x (file has no peak-channel column),ACAd5;ACAv1;ACAv2/3;ACAv5;CA1;CA3;DG-mo;DG-po;DG-sg;DT;IG;LGd-co;LGd-sh;LGv;LSr;MGm;MOs1;MOs2/3;MOs5;POST;PoT;SGN;SSp-bfd1;SSp-bfd2/3;SSp-bfd4;SSp-bfd5;SSp-bfd6a;SSp-bfd6b;STR;TH;VISa2/3;VISal2/3;VISal4;VISal5;VISal6a;VISal6b;VISam2/3;VISam4;VISam5;VISam6a;VISam6b;VISp1;VISp2/3;VISp4;VISp5;VISp6a;VISp6b;VISrl2/3;VISrl4;VISrl5;VISrl6a;VISrl6b;VPM;ZI;alv;ccg;ccs;fi;fiber tracts;fp;or;root;scwm;void,40 hz pulse train_presentations(150);5 hz pulse train_presentations(150);behavior_presentations(3598);post_receptive_field_mapping_presentations(1944);post_surround_suppression_mapping_presentations(750);pre_receptive_field_mapping_presentations(1944);pre_surround_suppression_mapping_presentations(750);raised_cosine_presentations(150);spontaneous_presentations(5099),autorewarded;licks;raw_running_wheel_rotation;reward_volume;running_wheel_signal_voltage;running_wheel_supply_voltage,ecephys:LFP;eye_tracking:likely_blink_times/corneal_reflection/ellipse/pupil;running:running_speed/running_wheel_rotation;stimulus:timestamps
sub-760322_ses-ecephys-760322-2025-02-05-14-30-46_ecephys,sub-760322/sub-760322_ses-ecephys-760322-2025-02-05-14-30-46_ecephys.nwb,18.94,760322,Mus musculus,F,P175D,Sst-IRES-Cre/wt;Ai32(RCL-ChR2(H134R)_EYFP)/wt,,2025-02-05T14:30:46-08:00,NWB file generated by AIND pipeline,Allen Institute for Neural Dynamics,,5057,2880,ProbeA;ProbeB;ProbeC;ProbeD;ProbeE;ProbeF,electrodes.location at the electrode (among the unit's units.electrodes) nearest to units.depth/estimated_x (file has no peak-channel column),ACAd5;CA1;CA2;CA3;DG-mo;DG-po;DG-sg;DP;ILA1;ILA2/3;LGd-co;LGd-ip;LGd-sh;LGv;LP;MGd;MGm;MGv;MOs1;MOs2/3;MOs5;OLF;PL2/3;PL5;SGN;SSp-bfd2/3;SSp-bfd4;SSp-bfd5;SSp-bfd6a;SSp-bfd6b;STR;SUB;TH;TTd;VISa1;VISa2/3;VISa4;VISa5;VISa6a;VISa6b;VISal1;VISal2/3;VISal4;VISal5;VISal6a;VISal6b;VISam2/3;VISam4;VISam5;VISam6a;VISam6b;VISp2/3;VISp4;VISp5;VISp6a;VISp6b;VPM;alv;bsc;ccs;dhc;fiber tracts;fp;or;root;scwm;void,40 hz pulse train_presentations(150);5 hz pulse train_presentations(150);behavior_presentations(3598);post_receptive_field_mapping_presentations(1944);post_surround_suppression_mapping_presentations(750);pre_receptive_field_mapping_presentations(1944);pre_surround_suppression_mapping_presentations(750);raised_cosine_presentations(150);spontaneous_presentations(5099),autorewarded;licks;raw_running_wheel_rotation;reward_volume;running_wheel_signal_voltage;running_wheel_supply_voltage,ecephys:LFP;eye_tracking:likely_blink_times/corneal_reflection/ellipse/pupil;running:running_speed/running_wheel_rotation;stimulus:timestamps
sub-760322_ses-ecephys-760322-2025-02-06-14-07-25_ecephys,sub-760322/sub-760322_ses-ecephys-760322-2025-02-06-14-07-25_ecephys.nwb,18.49,760322,Mus musculus,F,P176D,Sst-IRES-Cre/wt;Ai32(RCL-ChR2(H134R)_EYFP)/wt,,2025-02-06T14:07:25-08:00,NWB file generated by AIND pipeline,Allen Institute for Neural Dynamics,,4743,2880,ProbeA;ProbeB;ProbeC;ProbeD;ProbeE;ProbeF,electrodes.location at the electrode (among the unit's units.electrodes) nearest to units.depth/estimated_x (file has no peak-channel column),ACAd5;ACAd6a;CA1;CA2;CA3;DG-mo;DG-po;DG-sg;DP;ILA2/3;ILA5;IntG;LGd-co;LGd-ip;LGd-sh;LGv;LP;MGd;MGm;MGv;MOs1;MOs2/3;MOs5;OLF;PL5;PL6a;PoT;ProS;SGN;SSp-bfd1;SSp-bfd2/3;SSp-bfd4;SSp-bfd5;SSp-bfd6a;SSp-bfd6b;TH;TTd;VISa1;VISa2/3;VISa4;VISa5;VISa6a;VISa6b;VISal1;VISal2/3;VISal4;VISal5;VISal6a;VISal6b;VISam1;VISam2/3;VISam4;VISam5;VISam6a;VISam6b;VISp1;VISp2/3;VISp4;VISp5;VISp6a;VISp6b;VPM;ZI;alv;bsc;ccs;fiber tracts;fp;or;void,40 hz pulse train_presentations(150);5 hz pulse train_presentations(150);behavior_presentations(3598);post_receptive_field_mapping_presentations(1944);post_surround_suppression_mapping_presentations(750);pre_receptive_field_mapping_presentations(1944);pre_surround_suppression_mapping_presentations(750);raised_cosine_presentations(150);spontaneous_presentations(5099),autorewarded;licks;raw_running_wheel_rotation;reward_volume;running_wheel_signal_voltage;running_wheel_supply_voltage,ecephys:LFP;eye_tracking:likely_blink_times/corneal_reflection/ellipse/pupil;running:running_speed/running_wheel_rotation;stimulus:timestamps
sub-760324_ses-ecephys-760324-2025-02-19-10-56-40_ecephys,sub-760324/sub-760324_ses-ecephys-760324-2025-02-19-10-56-40_ecephys.nwb,18.62,760324,Mus musculus,F,P189D,Sst-IRES-Cre/wt;Ai32(RCL-ChR2(H134R)_EYFP)/wt,,2025-02-19T10:56:40-08:00,NWB file generated by AIND pipeline,Allen Institute for Neural Dynamics,,4626,2880,ProbeA;ProbeB;ProbeC;ProbeD;ProbeE;ProbeF,electrodes.location at the electrode (among the unit's units.electrodes) nearest to units.depth/estimated_x (file has no peak-channel column),ACAd5;ACAv1;ACAv2/3;CA1;CA2;CA3;DG-mo;DG-po;DG-sg;IG;LD;LGd-co;LGd-ip;LGd-sh;LGv;LP;LSr;MGm;MOs1;MOs2/3;MOs5;PL2/3;PL5;PO;PoT;ProS;SGN;SH;SSp-bfd1;SSp-bfd2/3;SSp-bfd4;SSp-bfd5;SSp-bfd6a;SSp-bfd6b;STR;TH;VISa1;VISa2/3;VISa4;VISa5;VISa6a;VISa6b;VISal1;VISal2/3;VISal4;VISal5;VISal6a;VISal6b;VISam1;VISam2/3;VISam4;VISam5;VISam6a;VISam6b;VISp1;VISp2/3;VISp4;VISp5;VISp6a;VISp6b;VPM;alv;ar;bsc;ccb;ccs;cing;dhc;fi;fiber tracts;fp;or;root;scwm;void,40 hz pulse train_presentations(149);5 hz pulse train_presentations(150);behavior_presentations(3597);post_receptive_field_mapping_presentations(1944);post_surround_suppression_mapping_presentations(750);pre_receptive_field_mapping_presentations(1944);pre_surround_suppression_mapping_presentations(750);raised_cosine_presentations(150);spontaneous_presentations(5098),autorewarded;licks;raw_running_wheel_rotation;reward_volume;running_wheel_signal_voltage;running_wheel_supply_voltage,ecephys:LFP;eye_tracking:likely_blink_times/corneal_reflection/ellipse/pupil;running:running_speed/running_wheel_rotation;stimulus:timestamps
sub-760324_ses-ecephys-760324-2025-02-20-11-31-01_ecephys,sub-760324/sub-760324_ses-ecephys-760324-2025-02-20-11-31-01_ecephys.nwb,18.24,760324,Mus musculus,F,P190D,Sst-IRES-Cre/wt;Ai32(RCL-ChR2(H134R)_EYFP)/wt,,2025-02-20T11:31:01-08:00,NWB file generated by AIND pipeline,Allen Institute for Neural Dynamics,,4471,2880,ProbeA;ProbeB;ProbeC;ProbeD;ProbeE;ProbeF,electrodes.location at the electrode (among the unit's units.electrodes) nearest to units.depth/estimated_x (file has no peak-channel column),ACAd5;ACAv1;ACAv2/3;ACAv5;CA1;CA2;CA3;DG-mo;DG-po;DG-sg;HPF;IG;IGL;LGd-co;LGd-ip;LGd-sh;LGv;LP;LSr;MGd;MGm;MOs1;MOs2/3;MOs5;PL5;PoT;ProS;RT;SGN;SH;SSp-bfd2/3;SSp-bfd4;SSp-bfd5;SSp-bfd6a;SSp-bfd6b;STR;TH;VISa1;VISa2/3;VISa4;VISa5;VISa6a;VISa6b;VISal1;VISal2/3;VISal4;VISal5;VISal6a;VISal6b;VISam1;VISam2/3;VISam4;VISam5;VISam6a;VISam6b;VISp1;VISp2/3;VISp4;VISp5;VISp6a;VISp6b;VL;VPL;VPM;alv;ar;bsc;ccg;ccs;chpl;cing;dhc;fi;fiber tracts;fp;or;root;scwm;void,40 hz pulse train_presentations(150);5 hz pulse train_presentations(150);behavior_presentations(3598);post_receptive_field_mapping_presentations(1944);post_surround_suppression_mapping_presentations(750);pre_receptive_field_mapping_presentations(1944);pre_surround_suppression_mapping_presentations(750);raised_cosine_presentations(150);spontaneous_presentations(5099),autorewarded;licks;raw_running_wheel_rotation;reward_volume;running_wheel_signal_voltage;running_wheel_supply_voltage,ecephys:LFP;eye_tracking:likely_blink_times/corneal_reflection/ellipse/pupil;running:running_speed/running_wheel_rotation;stimulus:timestamps
sub-767925_ses-ecephys-767925-2025-02-13-11-40-19_ecephys,sub-767925/sub-767925_ses-ecephys-767925-2025-02-13-11-40-19_ecephys.nwb,17.66,767925,Mus musculus,M,P144D,Sst-IRES-Cre/wt;Ai32(RCL-ChR2(H134R)_EYFP)/wt,,2025-02-13T11:40:19-08:00,NWB file generated by AIND pipeline,Allen Institute for Neural Dynamics,,3932,2880,ProbeA;ProbeB;ProbeC;ProbeD;ProbeE;ProbeF,electrodes.location at the electrode (among the unit's units.electrodes) nearest to units.depth/estimated_x (file has no peak-channel column),ACAd5;ACAv2/3;ACAv5;CA1;CA2;CA3;DG-mo;DG-po;DG-sg;HPF;IntG;LGd-co;LGd-sh;LGv;LSr;MGd;MGv;MOs2/3;MOs5;MS;ProS;RT;SSp-bfd1;SSp-bfd2/3;SSp-bfd4;SSp-bfd5;SSp-bfd6a;SSp-bfd6b;STR;SUB;SubG;TH;VISal1;VISal2/3;VISal4;VISal5;VISal6a;VISal6b;VISam1;VISam2/3;VISam4;VISam5;VISam6a;VISam6b;VISp1;VISp2/3;VISp4;VISp5;VISp6a;VISp6b;VPL;VPM;ZI;alv;bsc;ccb;ccg;ccs;dhc;em;fi;fiber tracts;fp;or;root;void,40 hz pulse train_presentations(149);5 hz pulse train_presentations(149);behavior_presentations(3598);post_receptive_field_mapping_presentations(1944);post_surround_suppression_mapping_presentations(750);pre_receptive_field_mapping_presentations(1944);pre_surround_suppression_mapping_presentations(750);raised_cosine_presentations(150);spontaneous_presentations(5099),autorewarded;licks;raw_running_wheel_rotation;reward_volume;running_wheel_signal_voltage;running_wheel_supply_voltage,ecephys:LFP;eye_tracking:likely_blink_times/corneal_reflection/ellipse/pupil;running:running_speed/running_wheel_rotation;stimulus:timestamps
sub-767925_ses-ecephys-767925-2025-02-14-11-04-33_ecephys,sub-767925/sub-767925_ses-ecephys-767925-2025-02-14-11-04-33_ecephys.nwb,17.2,767925,Mus musculus,M,P145D,Sst-IRES-Cre/wt;Ai32(RCL-ChR2(H134R)_EYFP)/wt,,2025-02-14T11:04:33-08:00,NWB file generated by AIND pipeline,Allen Institute for Neural Dynamics,,3714,2880,ProbeA;ProbeB;ProbeC;ProbeD;ProbeE;ProbeF,electrodes.location at the electrode (among the unit's units.electrodes) nearest to units.depth/estimated_x (file has no peak-channel column),ACAd5;ACAd6a;ACAv5;CA1;CA2;CA3;DG-mo;DG-po;DG-sg;IGL;LGd-co;LGd-ip;LGd-sh;LGv;LSc;LSr;MB;MGd;MGv;MOs2/3;MOs5;MOs6a;MS;RT;SSp-bfd1;SSp-bfd2/3;SSp-bfd4;SSp-bfd5;SSp-bfd6a;SSp-bfd6b;STR;SUB;TH;VISal1;VISal2/3;VISal4;VISal5;VISal6a;VISam1;VISam2/3;VISam4;VISam5;VISam6a;VISam6b;VISp1;VISp2/3;VISp4;VISp5;VISp6a;VISp6b;VPL;VPM;ZI;alv;ccb;ccg;ccs;dhc;em;fi;fiber tracts;fp;or;root;void,40 hz pulse train_presentations(150);5 hz pulse train_presentations(147);behavior_presentations(3597);post_receptive_field_mapping_presentations(1944);post_surround_suppression_mapping_presentations(750);pre_receptive_field_mapping_presentations(1944);pre_surround_suppression_mapping_presentations(750);raised_cosine_presentations(150);spontaneous_presentations(5098),autorewarded;licks;raw_running_wheel_rotation;reward_volume;running_wheel_signal_voltage;running_wheel_supply_voltage,ecephys:LFP;eye_tracking:likely_blink_times/corneal_reflection/ellipse/pupil;running:running_speed/running_wheel_rotation;stimulus:timestamps
sub-767926_ses-ecephys-767926-2025-02-26-15-49-35_ecephys,sub-767926/sub-767926_ses-ecephys-767926-2025-02-26-15-49-35_ecephys.nwb,18.97,767926,Mus musculus,M,P157D,Sst-IRES-Cre/wt;Ai32(RCL-ChR2(H134R)_EYFP)/wt,,2025-02-26T15:49:35-08:00,NWB file generated by AIND pipeline,Allen Institute for Neural Dynamics,,4712,2880,ProbeA;ProbeB;ProbeC;ProbeD;ProbeE;ProbeF,electrodes.location at the electrode (among the unit's units.electrodes) nearest to units.depth/estimated_x (file has no peak-channel column),ACAd6a;ACAv6a;CA1;CA2;CA3;DG-mo;DG-po;DG-sg;LGd-co;LGd-ip;LGd-sh;LGv;LP;LSr;MGd;MGm;MGv;MOs1;MOs2/3;MOs5;MOs6a;PL6a;POST;SGN;SH;SSp-bfd1;SSp-bfd2/3;SSp-bfd4;SSp-bfd5;SSp-bfd6a;SSp-bfd6b;STR;SUB;TH;VISa2/3;VISa4;VISa5;VISa6a;VISa6b;VISal1;VISal2/3;VISal4;VISal5;VISal6a;VISal6b;VISam2/3;VISam4;VISam5;VISam6a;VISam6b;VISp2/3;VISp4;VISp5;VISp6a;VISp6b;VPL;VPM;alv;ar;bsc;ccg;ccs;dhc;fiber tracts;fp;or;root;void,40 hz pulse train_presentations(150);5 hz pulse train_presentations(150);behavior_presentations(3598);post_receptive_field_mapping_presentations(1944);post_surround_suppression_mapping_presentations(750);pre_receptive_field_mapping_presentations(1944);pre_surround_suppression_mapping_presentations(750);raised_cosine_presentations(150);spontaneous_presentations(5099),autorewarded;licks;raw_running_wheel_rotation;reward_volume;running_wheel_signal_voltage;running_wheel_supply_voltage,ecephys:LFP;eye_tracking:likely_blink_times/corneal_reflection/ellipse/pupil;running:running_speed/running_wheel_rotation;stimulus:timestamps
sub-767926_ses-ecephys-767926-2025-02-27-15-12-01_ecephys,sub-767926/sub-767926_ses-ecephys-767926-2025-02-27-15-12-01_ecephys.nwb,17.75,767926,Mus musculus,M,P158D,Sst-IRES-Cre/wt;Ai32(RCL-ChR2(H134R)_EYFP)/wt,,2025-02-27T15:12:01-08:00,NWB file generated by AIND pipeline,Allen Institute for Neural Dynamics,,4086,2880,ProbeA;ProbeB;ProbeC;ProbeD;ProbeE;ProbeF,electrodes.location at the electrode (among the unit's units.electrodes) nearest to units.depth/estimated_x (file has no peak-channel column),ACAd6a;CA1;CA2;CA3;DG-mo;DG-po;DG-sg;LGd-co;LGd-ip;LGd-sh;LGv;LP;LSr;MGd;MGm;MGv;MOs2/3;MOs5;MOs6a;PIL;PL6a;PL6b;POST;SEZ;SGN;SSp-bfd1;SSp-bfd2/3;SSp-bfd4;SSp-bfd5;SSp-bfd6a;SSp-bfd6b;STR;SUB;TH;VISa1;VISa2/3;VISa4;VISa5;VISa6a;VISa6b;VISal1;VISal2/3;VISal4;VISal5;VISal6a;VISal6b;VISam1;VISam2/3;VISam4;VISam5;VISam6a;VISam6b;VISp1;VISp2/3;VISp4;VISp5;VISp6a;VISp6b;VPM;ZI;alv;ar;bsc;ccs;cing;dhc;fa;fiber tracts;fp;or;root;void,40 hz pulse train_presentations(150);5 hz pulse train_presentations(150);behavior_presentations(3598);post_receptive_field_mapping_presentations(1944);post_surround_suppression_mapping_presentations(750);pre_receptive_field_mapping_presentations(1944);pre_surround_suppression_mapping_presentations(750);raised_cosine_presentations(150);spontaneous_presentations(5099),autorewarded;licks;raw_running_wheel_rotation;reward_volume;running_wheel_signal_voltage;running_wheel_supply_voltage,ecephys:LFP;eye_tracking:likely_blink_times/corneal_reflection/ellipse/pupil;running:running_speed/running_wheel_rotation;stimulus:timestamps
sub-767932_ses-ecephys-767932-2025-03-25-14-35-45_ecephys,sub-767932/sub-767932_ses-ecephys-767932-2025-03-25-14-35-45_ecephys.nwb,17.53,767932,Mus musculus,F,P184D,Sst-IRES-Cre/wt;Ai32(RCL-ChR2(H134R)_EYFP)/wt,,2025-03-25T14:35:45-07:00,NWB file generated by AIND pipeline,Allen Institute for Neural Dynamics,,3913,2880,ProbeA;ProbeB;ProbeC;ProbeD;ProbeE;ProbeF,electrodes.location at the electrode (among the unit's units.electrodes) nearest to units.depth/estimated_x (file has no peak-channel column),ACAd6a;ACAv6a;ACAv6b;CA1;CA2;CA3;DG-mo;DG-po;DG-sg;HPF;IGL;IntG;LGd-co;LGd-ip;LGd-sh;LGv;LSr;MGd;MGv;MOs1;MOs2/3;MOs5;MOs6a;PL6a;ProS;SEZ;SSp-bfd1;SSp-bfd2/3;SSp-bfd4;SSp-bfd5;SSp-bfd6a;SSp-bfd6b;STR;SUB;TH;VISa1;VISa2/3;VISa4;VISa5;VISa6a;VISa6b;VISal1;VISal2/3;VISal4;VISal5;VISal6a;VISal6b;VISam1;VISam2/3;VISam4;VISam5;VISam6a;VISam6b;VISp2/3;VISp4;VISp5;VISp6a;VISp6b;VL;VPL;VPM;ZI;alv;ar;bsc;ccg;ccs;cing;dhc;fiber tracts;fp;or;root;void,40 hz pulse train_presentations(149);5 hz pulse train_presentations(149);behavior_presentations(3598);post_receptive_field_mapping_presentations(1944);post_surround_suppression_mapping_presentations(750);pre_receptive_field_mapping_presentations(1944);pre_surround_suppression_mapping_presentations(750);raised_cosine_presentations(149);spontaneous_presentations(5099),autorewarded;licks;raw_running_wheel_rotation;reward_volume;running_wheel_signal_voltage;running_wheel_supply_voltage,ecephys:LFP;eye_tracking:likely_blink_times/corneal_reflection/ellipse/pupil;running:running_speed/running_wheel_rotation;stimulus:timestamps
sub-767932_ses-ecephys-767932-2025-03-26-14-07-06_ecephys,sub-767932/sub-767932_ses-ecephys-767932-2025-03-26-14-07-06_ecephys.nwb,16.77,767932,Mus musculus,F,P185D,Sst-IRES-Cre/wt;Ai32(RCL-ChR2(H134R)_EYFP)/wt,,2025-03-26T14:07:06-07:00,NWB file generated by AIND pipeline,Allen Institute for Neural Dynamics,,3443,2880,ProbeA;ProbeB;ProbeC;ProbeD;ProbeE;ProbeF,electrodes.location at the electrode (among the unit's units.electrodes) nearest to units.depth/estimated_x (file has no peak-channel column),CA1;CA2;CA3;CP;DG-mo;DG-sg;HPF;IGL;LGd-co;LGd-sh;LGv;LP;LT;MB;MGd;MGv;MOs2/3;MOs5;MOs6a;MOs6b;POST;SGN;SSp-bfd1;SSp-bfd2/3;SSp-bfd4;SSp-bfd5;SSp-bfd6a;SSp-bfd6b;SUB;TH;VISa2/3;VISal2/3;VISal4;VISal5;VISal6a;VISal6b;VISam1;VISam2/3;VISam4;VISam5;VISam6a;VISam6b;VISp2/3;VISp4;VISp5;VISp6a;VISp6b;VISrl2/3;VISrl4;VISrl5;VISrl6a;VISrl6b;VL;VPL;VPM;alv;ar;bsc;ccg;ccs;cing;fa;fiber tracts;fp;or;scwm;void,40 hz pulse train_presentations(149);5 hz pulse train_presentations(150);behavior_presentations(3598);post_receptive_field_mapping_presentations(1944);post_surround_suppression_mapping_presentations(750);pre_receptive_field_mapping_presentations(1944);pre_surround_suppression_mapping_presentations(750);raised_cosine_presentations(149);spontaneous_presentations(5099),autorewarded;licks;raw_running_wheel_rotation;reward_volume;running_wheel_signal_voltage;running_wheel_supply_voltage,ecephys:LFP;eye_tracking:likely_blink_times/corneal_reflection/ellipse/pupil;running:running_speed/running_wheel_rotation;stimulus:timestamps
sub-773206_ses-ecephys-773206-2025-04-01-10-47-58_ecephys,sub-773206/sub-773206_ses-ecephys-773206-2025-04-01-10-47-58_ecephys.nwb,16.8,773206,Mus musculus,M,P163D,Sst-IRES-Cre/wt;Ai32(RCL-ChR2(H134R)_EYFP)/wt,,2025-04-01T10:47:58-07:00,NWB file generated by AIND pipeline,Allen Institute for Neural Dynamics,,3558,2880,ProbeA;ProbeB;ProbeC;ProbeD;ProbeE;ProbeF,electrodes.location at the electrode (among the unit's units.electrodes) nearest to units.depth/estimated_x (file has no peak-channel column),ACAd6a;CA1;CA2;CA3;DG-mo;DG-po;DG-sg;IGL;IntG;LGd-co;LGd-sh;LGv;LSr;MOs1;MOs2/3;MOs5;MOs6a;PL6a;PL6b;ProS;RT;SSp-bfd1;SSp-bfd2/3;SSp-bfd4;SSp-bfd5;SSp-bfd6a;SSp-bfd6b;STR;SUB;TH;VISal1;VISal2/3;VISal4;VISal5;VISal6a;VISal6b;VISam2/3;VISam4;VISam5;VISam6a;VISp1;VISp2/3;VISp4;VISp5;VISp6a;VISp6b;VISrl2/3;VISrl4;VISrl5;VISrl6a;VISrl6b;alv;ccg;ccs;cing;fa;fiber tracts;fp;or;void,40 hz pulse train_presentations(150);5 hz pulse train_presentations(149);behavior_presentations(3597);post_receptive_field_mapping_presentations(1944);post_surround_suppression_mapping_presentations(750);pre_receptive_field_mapping_presentations(1944);pre_surround_suppression_mapping_presentations(750);raised_cosine_presentations(150);spontaneous_presentations(5098),autorewarded;licks;raw_running_wheel_rotation;reward_volume;running_wheel_signal_voltage;running_wheel_supply_voltage,ecephys:LFP;eye_tracking:likely_blink_times/corneal_reflection/ellipse/pupil;running:running_speed/running_wheel_rotation;stimulus:timestamps
sub-773206_ses-ecephys-773206-2025-04-02-11-46-05_ecephys,sub-773206/sub-773206_ses-ecephys-773206-2025-04-02-11-46-05_ecephys.nwb,17.0,773206,Mus musculus,M,P164D,Sst-IRES-Cre/wt;Ai32(RCL-ChR2(H134R)_EYFP)/wt,,2025-04-02T11:46:05-07:00,NWB file generated by AIND pipeline,Allen Institute for Neural Dynamics,,3759,2880,ProbeA;ProbeB;ProbeC;ProbeD;ProbeE;ProbeF,electrodes.location at the electrode (among the unit's units.electrodes) nearest to units.depth/estimated_x (file has no peak-channel column),ACAd6a;CA1;CA2;CA3;DG-mo;DG-po;DG-sg;IGL;ILA6b;LGd-co;LGd-sh;LGv;LSr;MOs1;MOs2/3;MOs5;MOs6a;PL6a;PL6b;ProS;RT;SSp-bfd1;SSp-bfd2/3;SSp-bfd4;SSp-bfd5;SSp-bfd6a;SSp-bfd6b;STR;SUB;TH;VISa1;VISa2/3;VISal1;VISal2/3;VISal4;VISal5;VISal6a;VISal6b;VISam2/3;VISam4;VISam5;VISam6a;VISam6b;VISp1;VISp2/3;VISp4;VISp5;VISp6a;VISrl2/3;VISrl4;VISrl5;VISrl6a;VISrl6b;alv;ar;bsc;ccs;cing;dhc;fa;fi;fiber tracts;fp;or;root;void,40 hz pulse train_presentations(149);5 hz pulse train_presentations(150);behavior_presentations(3597);post_receptive_field_mapping_presentations(1944);post_surround_suppression_mapping_presentations(750);pre_receptive_field_mapping_presentations(1944);pre_surround_suppression_mapping_presentations(750);raised_cosine_presentations(150);spontaneous_presentations(5098),autorewarded;licks;raw_running_wheel_rotation;reward_volume;running_wheel_signal_voltage;running_wheel_supply_voltage,ecephys:LFP;eye_tracking:likely_blink_times/corneal_reflection/ellipse/pupil;running:running_speed/running_wheel_rotation;stimulus:timestamps
